{
  "pages": [
    {
      "path": "pages/publish/publish",
      "style": {
        "navigationBarTitleText": "发布页面"
      }
    },
    {
      "path": "pages/sheqv/sheqv",
      "style": {
        "navigationBarTitleText": "社区页面"
      }
    },
    
	{
	  "path": "pages/index/index",
	  "style": {
	    "navigationBarTitleText": "首页"
	  }
	},
	{
		"path" : "pages/commons/commons",
		"style" : 
		{
			"navigationBarTitleText" : ""
		}
	},
	{
		"path" : "pages/PostDetail/PostDetail",
		"style" : 
		{
			"navigationBarTitleText" : ""
		}
	}
	
	
  ],
  "globalStyle": {
    "navigationBarTextStyle": "black",
    "navigationBarTitleText": "uni-app x",
    "navigationBarBackgroundColor": "#F8F8F8",
    "backgroundColor": "#F8F8F8"
  },
  "uniIdRouter": {}
}
